Date,Open,High,Low,Close,Volume
2014-01-02,149.8,152.48,146.55,150.1,6195355
2014-01-03,150.0,152.19,148.6,149.56,4698839
2014-01-06,150.0,150.4,145.24,147.0,5367320
2014-01-07,147.62,150.4,145.25,149.36,5041806
2014-01-08,148.85,153.7,148.76,151.28,6166674
2014-01-09,152.5,153.43,146.85,147.53,5388905
2014-01-10,148.46,148.9,142.25,145.72,7450531
2014-01-13,145.78,147.0,137.82,139.34,6324647
2014-01-14,140.5,162.0,136.67,161.27,27935828
2014-01-15,168.45,172.23,162.1,164.13,20488981
2014-01-16,162.5,172.7,162.4,170.97,11982099
2014-01-17,170.19,173.2,167.95,170.01,9216028
2014-01-21,171.24,177.29,170.81,176.68,9745765
2014-01-22,177.81,180.32,174.76,178.56,7036758
2014-01-23,177.23,182.38,173.42,181.5,7899515
2014-01-24,177.85,180.48,173.53,174.6,7711296
2014-01-27,175.16,177.92,164.71,169.62,8737773
2014-01-28,171.5,178.98,171.0,178.38,6128237
2014-01-29,175.3,179.09,173.13,175.23,5956817
2014-01-30,178.0,184.78,177.01,182.84,8575210
2014-01-31,178.85,186.0,178.51,181.41,6512951
2014-02-03,182.89,184.88,175.16,177.11,6778609
2014-02-04,180.7,181.6,176.2,178.73,4690883
2014-02-05,178.3,180.59,169.36,174.42,7275952
2014-02-06,176.3,180.11,176.0,178.38,5847953
2014-02-07,181.01,186.63,179.6,186.53,8964054
2014-02-10,189.34,199.3,189.32,196.56,12989286
2014-02-11,198.97,202.2,192.7,196.62,10734472
2014-02-12,195.78,198.27,194.32,195.32,5181313
2014-02-13,193.34,202.72,193.25,199.63,8174049
2014-02-14,198.1,201.88,197.0,198.23,6173462
2014-02-18,205.24,206.0,201.36,203.7,9355871
2014-02-19,203.7,203.7,193.41,193.64,16419899
2014-02-20,215.01,215.21,206.27,209.97,18022262
2014-02-21,211.64,213.98,209.19,209.6,7828981
2014-02-24,208.76,218.36,208.32,217.65,8303133
2014-02-25,230.0,259.2,228.45,248.0,32797000
2014-02-26,258.58,265.0,247.5,253.0,24771194
2014-02-27,263.25,261.9,248.33,252.54,17970707
2014-02-28,249.65,252.68,242.55,244.81,14612693
2014-03-03,237.26,251.65,234.99,250.56,13109303
2014-03-04,258.48,260.0,252.83,254.84,8765392
2014-03-05,256.72,256.99,251.8,252.66,5946736
2014-03-06,254.14,257.5,249.45,252.94,7374719
2014-03-07,252.94,254.85,244.41,246.21,7818465
2014-03-10,242.7,243.0,236.06,238.84,7745751
2014-03-11,236.5,244.6,232.43,234.41,8836349
2014-03-12,231.5,247.5,231.11,241.49,9763911
2014-03-13,243.79,244.19,234.0,237.79,6236325
2014-03-14,235.29,236.94,228.32,230.97,8289733
2014-03-17,234.95,237.93,230.5,233.98,5912592
2014-03-18,236.95,241.5,235.02,240.04,6242349
2014-03-19,241.39,241.55,233.51,235.84,5071327
2014-03-20,236.16,239.25,233.36,234.91,3817905
2014-03-21,236.02,236.2,227.5,228.89,8227311
2014-03-24,229.75,229.9,210.27,220.17,11332947
2014-03-25,224.14,227.05,217.9,220.44,7865375
2014-03-26,221.95,222.6,211.35,212.96,6907306
2014-03-27,212.37,213.6,203.0,207.32,9505307
2014-03-28,212.8,216.72,210.27,212.37,9684761
2014-03-31,216.5,216.75,206.39,208.45,8380023
2014-04-01,209.02,218.16,208.58,216.97,7371422
2014-04-02,220.0,230.89,218.05,230.29,10782251
2014-04-03,230.3,235.73,222.0,225.4,10923734
2014-04-04,226.01,228.27,211.25,212.22,11345618
2014-04-07,205.81,216.2,203.51,207.52,9855478
2014-04-08,210.05,216.49,206.42,215.46,6889296
2014-04-09,216.76,218.45,210.89,216.93,5157923
2014-04-10,216.82,217.5,203.79,204.19,7211492
2014-04-11,200.61,207.0,198.6,203.78,9071300
2014-04-14,207.6,208.44,194.41,198.09,7703031
2014-04-15,199.09,199.29,184.32,193.91,13667071
2014-04-16,197.0,199.99,190.82,199.11,7205319
2014-04-17,199.61,202.29,194.08,198.12,5929506
2014-04-21,197.08,206.2,194.0,204.38,5266490
2014-04-22,206.36,219.33,205.01,218.64,9809333
2014-04-23,216.33,216.74,207.0,207.99,7295609
2014-04-24,210.81,212.8,203.2,207.86,5504768
2014-04-25,202.0,206.7,197.65,199.85,6996658
2014-04-28,200.0,203.79,190.5,198.51,7041983
2014-04-29,198.21,207.15,195.53,206.92,5787369
2014-04-30,203.6,208.16,201.28,207.89,4443453
2014-05-01,207.08,214.02,205.69,207.73,5444670
2014-05-02,208.6,211.36,206.52,210.91,4091394
2014-05-05,209.48,217.69,208.52,216.61,5152343
2014-05-06,216.6,218.66,206.85,207.28,5636725
2014-05-07,209.64,210.2,197.25,201.35,10179291
2014-05-08,182.0,194.4,178.0,178.59,20056591
2014-05-09,179.86,183.4,177.22,182.26,8495159
2014-05-12,183.87,187.19,179.88,184.67,7004330
2014-05-13,183.76,191.34,183.0,190.16,7097242
2014-05-14,188.95,193.48,187.1,190.62,5414945
2014-05-15,189.98,192.66,185.3,188.59,6046139
2014-05-16,188.95,192.04,187.72,191.56,4489312
2014-05-19,190.72,196.89,190.0,196.09,4571660
2014-05-20,196.94,199.33,193.07,195.3,5553877
2014-05-21,196.18,199.87,194.79,199.45,5290755
2014-05-22,200.35,206.88,199.56,204.88,6216255
2014-05-23,204.53,207.76,202.5,207.3,4010931
2014-05-27,208.52,213.87,207.7,211.56,5346788
2014-05-28,210.02,212.77,205.26,210.24,5496278
2014-05-29,210.57,212.49,207.72,210.24,3694596
2014-05-30,210.3,214.8,207.02,207.77,5586068
2014-06-02,207.33,209.35,201.67,204.7,4668115
2014-06-03,203.49,208.0,202.59,204.94,3866182
2014-06-04,204.35,206.26,200.4,203.99,3434502
2014-06-05,204.47,209.2,204.05,206.9,4059285
2014-06-06,209.75,210.81,207.18,208.17,3074900
2014-06-09,207.95,209.99,204.2,205.31,2813066
2014-06-10,204.43,206.97,201.55,202.3,3522336
2014-06-11,201.5,205.0,199.25,204.47,3980491
2014-06-12,205.1,209.88,202.71,203.52,5997144
2014-06-13,204.78,206.79,201.58,206.42,3546789
2014-06-16,206.76,225.49,206.26,224.61,13246352
2014-06-17,224.11,235.54,222.85,231.67,13304907
2014-06-18,231.5,231.71,226.12,227.12,6947053
2014-06-19,228.88,235.31,227.0,227.79,8801907
2014-06-20,228.52,231.29,226.2,229.59,4908077
2014-06-23,229.51,238.99,228.22,237.22,7800189
2014-06-24,238.97,241.88,231.63,232.5,8081109
2014-06-25,233.05,237.55,230.24,236.89,5803257
2014-06-26,237.17,240.4,234.21,235.6,5122972
2014-06-27,234.69,240.0,234.5,239.06,5638787
2014-06-30,239.55,244.49,239.0,240.06,4833602
2014-07-01,242.46,243.44,238.7,239.72,4341242
2014-07-02,240.66,242.33,227.07,229.42,8035072
2014-07-03,231.29,231.9,224.0,229.25,5166716
2014-07-07,227.5,229.78,220.4,222.66,5901080
2014-07-08,218.65,220.96,214.27,219.07,7846165
2014-07-09,221.27,224.22,219.21,223.06,4117729
2014-07-10,217.18,222.22,216.04,219.46,4865246
2014-07-11,220.61,221.6,217.6,218.13,3307113
2014-07-14,219.99,228.79,215.45,226.7,7208573
2014-07-15,226.73,227.65,218.1,219.58,5732031
2014-07-16,221.82,224.8,216.82,217.16,4051097
2014-07-17,216.16,220.55,213.6,215.4,4650956
2014-07-18,215.95,221.21,215.93,220.02,4260618
2014-07-21,217.25,223.21,216.72,220.54,3825251
2014-07-22,222.19,223.3,219.11,219.58,2732485
2014-07-23,220.01,224.75,219.43,222.49,3088731
2014-07-24,223.25,225.1,220.8,223.54,3248410
2014-07-25,222.72,226.97,221.75,223.57,3090383
2014-07-28,224.25,232.0,221.4,224.82,6517611
2014-07-29,226.61,228.3,224.86,225.01,3387187
2014-07-30,221.92,229.6,221.04,228.92,4927823
2014-07-31,229.26,231.4,221.5,223.3,7749058
2014-08-01,226.09,237.5,226.0,233.27,11898133
2014-08-04,234.38,240.5,233.27,238.52,5967406
2014-08-05,237.47,242.99,235.69,238.49,5388581
2014-08-06,238.9,251.42,238.58,248.93,9249265
2014-08-07,250.12,256.69,249.12,252.39,7478926
2014-08-08,251.16,251.76,246.5,248.13,5099061
2014-08-11,255.48,263.74,255.0,259.32,8101276
2014-08-12,258.08,260.3,254.58,259.96,6390412
2014-08-13,262.01,265.64,259.61,260.31,6932628
2014-08-14,262.49,263.0,258.54,261.38,4126634
2014-08-15,261.48,262.09,258.5,262.01,3867874
2014-08-18,263.25,267.26,259.75,259.94,5849231
2014-08-19,258.87,259.33,251.62,256.76,5340136
2014-08-20,254.67,258.74,253.0,255.71,3027863
2014-08-21,256.52,258.8,253.26,254.34,2919241
2014-08-22,254.54,256.95,252.61,256.78,2836959
2014-08-25,258.19,263.68,258.19,262.55,4318053
2014-08-26,264.98,265.5,261.66,261.74,3822572
2014-08-27,263.5,264.24,260.29,263.25,2990532
2014-08-28,261.89,264.48,261.64,263.86,2854737
2014-08-29,268.7,272.0,267.51,269.7,6453958
2014-09-02,275.5,284.89,274.3,284.12,9852351
2014-09-03,287.67,288.0,280.1,281.19,6779735
2014-09-04,284.01,291.42,280.4,286.04,8341749
2014-09-05,282.55,282.9,272.51,277.39,11176167
2014-09-08,277.62,284.88,277.52,282.11,5505040
2014-09-09,282.99,285.49,277.0,278.48,4567958
2014-09-10,279.5,281.41,273.66,281.1,3785988
2014-09-11,280.46,284.79,278.63,280.31,3768584
2014-09-12,280.5,282.39,277.0,279.2,3328302
2014-09-15,274.37,274.4,249.13,253.86,16464952
2014-09-16,255.15,262.46,252.42,260.74,8303972
2014-09-17,262.41,264.7,259.5,261.38,5179923
2014-09-18,263.36,265.6,262.32,263.82,3699314
2014-09-19,257.99,261.43,255.27,259.32,6811714
2014-09-22,255.0,256.02,244.71,250.03,8222963
2014-09-23,245.22,253.8,245.0,250.41,5660048
2014-09-24,251.12,252.84,247.04,252.14,3754376
2014-09-25,252.52,254.96,246.1,246.95,4843712
2014-09-26,248.25,249.73,246.07,246.6,3798841
2014-09-29,244.0,248.64,241.38,245.26,4854687
2014-09-30,246.92,247.65,240.12,242.68,4248127
2014-10-01,242.2,242.66,235.65,240.24,5946510
2014-10-02,250.2,252.79,245.36,251.42,9002001
2014-10-03,253.06,256.5,251.03,255.21,5408665
2014-10-06,259.13,262.49,257.8,260.62,7719055
2014-10-07,258.53,261.46,255.73,259.57,4491569
2014-10-08,260.1,262.88,252.64,259.28,5062615
2014-10-09,262.25,265.54,254.4,257.01,7361316
2014-10-10,244.64,245.89,235.2,236.91,12898275
2014-10-13,238.57,238.96,221.0,224.59,11276552
2014-10-14,228.25,232.47,223.0,227.06,7112339
2014-10-15,220.0,230.99,217.32,229.7,9151648
2014-10-16,219.72,229.92,219.1,226.35,5404565
2014-10-17,233.38,234.77,226.55,227.48,10551850
2014-10-20,226.72,232.4,225.51,230.47,3499686
2014-10-21,234.27,235.39,230.8,235.34,4130345
2014-10-22,233.19,237.39,230.56,231.1,4123397
2014-10-23,234.66,236.28,232.0,235.29,3499882
2014-10-24,236.27,237.8,231.2,235.24,3466927
2014-10-27,234.25,234.61,220.31,221.67,9553348
2014-10-28,229.6,244.6,228.25,242.77,10516297
2014-10-29,241.13,241.5,235.64,238.1,4967640
2014-10-30,238.14,240.5,235.06,238.66,3228371
2014-10-31,242.51,243.12,238.75,241.7,3775327
2014-11-03,243.0,247.56,241.32,242.59,4207268
2014-11-04,240.49,242.35,236.53,238.93,3682572
2014-11-05,241.0,241.36,230.53,230.97,9045925
2014-11-06,234.49,246.69,228.5,241.22,15354717
2014-11-07,242.19,242.84,237.2,240.2,5161023
2014-11-10,239.11,242.88,236.8,241.93,4577208
2014-11-11,242.55,251.82,242.0,251.08,7952565
2014-11-12,249.72,252.34,245.58,249.1,5870818
2014-11-13,250.62,255.75,250.25,251.7,6236036
2014-11-14,250.0,258.85,248.5,258.68,6101145
2014-11-17,257.49,259.0,252.02,253.98,4025695
2014-11-18,255.86,259.99,255.51,257.7,4474294
2014-11-19,250.61,251.88,245.6,247.74,7918486
2014-11-20,247.95,250.93,246.0,248.71,3587220
2014-11-21,252.21,252.78,242.17,242.78,7485059
2014-11-24,245.2,247.6,240.64,246.72,4789708
2014-11-25,247.35,249.72,246.09,248.09,3159804
2014-11-26,248.34,249.0,246.6,248.44,1981819
2014-11-28,245.35,246.69,242.52,244.52,2119688
2014-12-01,241.16,242.47,229.01,231.64,8619351
2014-12-02,234.57,234.88,228.0,231.43,5887046
2014-12-03,226.25,229.72,225.5,229.3,5307733
2014-12-04,228.6,230.9,227.81,228.28,3879208
2014-12-05,228.67,229.39,222.26,223.71,6063619
2014-12-08,221.54,224.86,212.34,214.36,9225619
2014-12-09,209.34,217.73,204.27,216.89,9431502
2014-12-10,214.13,216.77,207.7,209.84,7314139
2014-12-11,210.53,215.43,208.23,208.88,6694398
2014-12-12,204.82,211.68,204.5,207.0,7173782
2014-12-15,209.29,209.8,202.67,204.04,5218252
2014-12-16,200.89,203.68,195.37,197.81,8426105
2014-12-17,193.06,206.65,192.65,205.82,7367834
2014-12-18,212.38,218.44,211.8,218.26,7483349
2014-12-19,220.19,220.4,214.5,219.29,6910461
2014-12-22,220.0,224.06,218.26,222.6,4806917
2014-12-23,223.81,224.32,219.52,220.97,4513321
2014-12-24,219.77,222.5,219.25,222.26,1333518
2014-12-26,221.51,228.5,221.5,227.82,3327016
2014-12-29,226.9,227.91,224.02,225.71,2811828
2014-12-30,223.99,225.65,221.4,222.23,2903242
2014-12-31,223.09,225.68,222.25,222.41,2402097
2015-01-02,222.87,223.25,213.26,219.31,4764443
2015-01-05,214.55,216.5,207.16,210.09,5368477
2015-01-06,210.06,214.2,204.21,211.28,6261936
2015-01-07,213.35,214.78,209.78,210.95,2968390
2015-01-08,212.81,213.8,210.01,210.62,3442509
2015-01-09,208.92,209.98,204.96,206.66,4668295
2015-01-12,203.05,204.47,199.25,202.21,5950280
2015-01-13,203.32,207.61,200.91,204.25,4477320
2015-01-14,185.83,195.2,185.0,192.69,11551855
2015-01-15,194.49,195.75,190.0,191.87,5216524
2015-01-16,190.7,194.49,189.65,193.07,3603158
2015-01-20,193.87,194.12,187.04,191.93,4503182
2015-01-21,189.55,198.68,189.51,196.57,4153043
2015-01-22,197.0,203.24,195.2,201.62,4116905
2015-01-23,200.29,203.5,198.33,201.29,3442371
2015-01-26,201.83,208.62,201.05,206.55,3234522
2015-01-27,204.42,208.03,203.3,205.98,2781024
2015-01-28,206.11,206.37,198.42,199.37,3149606
2015-01-29,201.07,205.98,196.5,205.2,3548106
2015-01-30,203.96,207.47,203.0,203.6,3006959
2015-02-02,203.97,211.95,203.3,210.94,4149186
2015-02-03,213.22,220.37,211.27,218.36,4826244
2015-02-04,218.29,221.48,216.8,218.55,3305377
2015-02-05,219.88,225.48,219.64,220.99,3522947
2015-02-06,222.0,223.4,216.5,217.36,3243931
2015-02-09,215.38,217.93,211.99,217.48,3472423
2015-02-10,217.55,220.5,215.0,216.29,5390542
2015-02-11,212.21,214.74,207.28,212.8,9769102
2015-02-12,193.57,203.09,193.28,202.88,15649607
2015-02-13,202.9,205.99,200.91,203.77,6191003
2015-02-17,205.7,205.7,201.5,204.35,3979647
2015-02-18,204.17,206.17,202.6,204.46,2713598
2015-02-19,205.0,212.44,203.75,211.7,5154148
2015-02-20,210.78,217.6,209.81,217.11,5982089
2015-02-23,215.66,218.2,206.33,207.34,8499775
2015-02-24,207.29,207.29,201.7,204.11,6603560
2015-02-25,204.94,207.14,202.58,203.76,3909520
2015-02-26,204.0,211.09,202.22,207.19,6472855
2015-02-27,206.9,208.55,202.8,203.34,3882084
2015-03-02,202.7,203.34,195.82,197.32,7922065
2015-03-03,196.81,200.24,195.32,199.56,4432329
2015-03-04,199.25,202.52,197.21,202.44,4221962
2015-03-05,202.85,206.19,200.15,200.63,4877015
2015-03-06,199.21,200.75,192.15,193.88,6712438
2015-03-09,194.39,194.49,188.25,190.88,6736724
2015-03-10,188.46,193.5,187.6,190.32,5579691
2015-03-11,191.15,196.18,191.01,193.74,4974871
2015-03-12,193.75,194.45,189.75,191.07,4149294
2015-03-13,188.95,191.75,187.32,188.68,5434298
2015-03-16,192.0,195.91,189.8,195.7,5628783
2015-03-17,195.43,198.71,193.94,194.73,4894052
2015-03-18,194.96,200.88,193.11,200.71,4820936
2015-03-19,202.0,204.59,194.53,195.65,8475244
2015-03-20,197.45,198.99,195.62,198.08,4269467
2015-03-23,198.5,200.5,197.47,199.63,2631626
2015-03-24,201.58,203.79,199.75,201.72,3649860
2015-03-25,198.27,198.59,192.7,194.3,5730389
2015-03-26,193.92,194.79,189.7,190.4,4127956
2015-03-27,189.07,189.29,181.4,185.0,8604947
2015-03-30,185.85,192.25,181.8,190.57,10089516
2015-03-31,193.53,193.76,188.41,188.77,5026569
2015-04-01,188.7,192.3,186.05,187.59,3794621
2015-04-02,190.23,193.23,190.0,191.0,5010368
2015-04-06,198.0,207.75,197.5,203.1,12455811
2015-04-07,202.51,205.06,201.14,203.25,4347864
2015-04-08,208.2,210.9,205.87,207.67,6303117
2015-04-09,208.43,210.37,206.12,210.09,3800225
2015-04-10,209.85,211.65,209.0,210.9,4067676
2015-04-13,210.44,213.0,209.05,209.78,3758230
2015-04-14,208.57,209.49,205.5,207.46,3025963
2015-04-15,207.46,209.59,206.6,207.83,1952378
2015-04-16,207.7,209.17,206.29,206.7,1659059
2015-04-17,204.99,206.88,203.5,206.79,2469926
2015-04-20,206.78,207.85,203.85,205.27,2559251
2015-04-21,205.8,210.75,204.31,209.41,3432541
2015-04-22,212.5,221.88,211.69,219.44,7863037
2015-04-23,218.27,221.48,217.15,218.6,4411184
2015-04-24,220.5,220.8,218.01,218.42,2427843
2015-04-27,222.56,238.75,222.0,231.55,11672627
2015-04-28,234.75,235.5,228.03,230.48,6085379
2015-04-29,230.05,234.97,227.63,232.45,3936077
2015-04-30,230.39,232.89,225.17,226.05,3911857
2015-05-01,229.94,231.77,220.4,226.03,5281689
2015-05-04,228.18,234.73,227.11,230.51,4434596
2015-05-05,237.76,239.5,229.13,232.95,5796873
2015-05-06,234.1,234.47,228.2,230.43,5270933
2015-05-07,221.0,237.48,220.25,236.8,9455909
2015-05-08,235.99,238.41,233.7,236.61,4668236
2015-05-11,236.29,242.88,235.31,239.49,5672262
2015-05-12,240.11,246.35,238.19,244.74,6363429
2015-05-13,247.61,248.3,242.25,243.18,5440165
2015-05-14,244.82,244.89,241.25,244.1,2895936
2015-05-15,243.93,249.4,242.5,248.84,4527563
2015-05-18,247.0,249.9,246.0,248.75,3353212
2015-05-19,248.43,251.0,246.15,247.14,3674231
2015-05-20,247.13,247.74,241.37,244.35,3755569
2015-05-21,243.03,246.62,242.36,245.62,1970643
2015-05-22,245.38,248.6,245.01,247.73,2223089
2015-05-26,247.68,252.0,246.5,247.46,3498682
2015-05-27,248.51,249.5,245.55,247.43,3408200
2015-05-28,247.03,251.8,245.05,251.45,3647283
2015-05-29,251.0,252.87,249.43,250.8,3789283
2015-06-01,251.41,251.6,247.47,249.45,2505057
2015-06-02,248.92,249.4,246.3,248.35,2134809
2015-06-03,248.2,250.72,247.01,248.99,1781505
2015-06-04,247.5,249.3,245.71,245.92,2453615
2015-06-05,246.0,249.7,245.68,249.14,3022026
2015-06-08,250.85,258.75,250.31,256.29,5016997
2015-06-09,255.4,257.74,254.14,256.0,2611146
2015-06-10,251.9,254.0,248.5,250.7,3454453
2015-06-11,253.26,254.37,250.43,251.41,2044058
2015-06-12,250.21,253.46,250.21,250.69,1422335
2015-06-15,249.7,251.28,246.01,250.38,2186175
2015-06-16,250.13,253.44,249.1,253.12,1984678
2015-06-17,252.17,264.36,252.02,260.41,5512920
2015-06-18,262.0,263.46,260.02,261.89,2782703
2015-06-19,262.4,263.8,260.1,262.51,2463013
2015-06-22,262.15,264.4,255.69,259.79,4561079
2015-06-23,260.32,268.0,258.57,267.67,3870818
2015-06-24,266.98,267.35,263.72,265.17,2412293
2015-06-25,266.45,271.41,265.25,268.79,2849204
2015-06-26,268.89,269.11,266.0,267.09,3838434
2015-06-29,261.95,265.95,260.7,262.02,3478909
2015-06-30,264.8,270.92,264.0,268.26,3086935
2015-07-01,271.11,272.62,267.85,269.15,2101224
2015-07-02,280.2,282.45,273.31,280.02,7163930
2015-07-06,278.88,281.69,276.3,279.72,4121933
2015-07-07,275.0,275.2,260.77,267.88,6105126
2015-07-08,259.32,260.8,254.31,254.96,6221077
2015-07-09,259.08,262.95,256.79,257.92,3334077
2015-07-10,262.22,263.0,257.82,259.15,2610858
2015-07-13,262.25,262.55,256.05,262.16,2960319
2015-07-14,262.1,265.99,260.51,265.65,1907641
2015-07-15,266.74,267.49,262.08,263.14,2021621
2015-07-16,264.22,267.2,263.16,266.68,1615961
2015-07-17,272.5,275.54,268.25,274.66,5004099
2015-07-20,275.0,286.65,272.54,282.26,4978454
2015-07-21,270.05,273.5,266.55,266.77,6108686
2015-07-22,261.27,269.44,260.86,267.87,3104960
2015-07-23,269.65,269.9,265.27,267.2,2227239
2015-07-24,267.38,271.09,263.92,265.41,2836498
2015-07-27,262.43,264.43,250.79,253.01,4694192
2015-07-28,255.75,265.4,251.84,264.82,3895808
2015-07-29,264.27,267.89,262.0,263.82,2790095
2015-07-30,262.69,266.94,262.11,266.79,2034560
2015-07-31,267.6,269.36,265.12,266.15,2222552
2015-08-03,266.29,266.71,257.07,259.99,2553474
2015-08-04,260.01,266.72,258.34,266.28,2352530
2015-08-05,263.58,271.0,260.4,270.13,6214319
2015-08-06,249.54,255.0,236.12,246.13,14623754
2015-08-07,243.58,243.73,238.39,242.51,5073390
2015-08-10,238.15,242.97,236.05,241.14,4185860
2015-08-11,237.15,239.3,234.44,237.37,4264939
2015-08-12,235.0,239.77,232.74,238.17,3739157
2015-08-13,239.86,246.48,239.12,242.51,4689182
2015-08-14,247.24,247.93,241.77,243.15,4364810
2015-08-17,255.56,256.59,250.51,254.99,7176690
2015-08-18,255.38,260.95,253.56,260.72,4195035
2015-08-19,260.33,260.65,255.02,255.25,3604282
2015-08-20,252.06,254.56,241.9,242.18,4887192
2015-08-21,236.0,243.8,230.51,230.77,6564012
2015-08-24,202.79,231.4,195.0,218.87,9565541
2015-08-25,230.52,230.9,219.12,220.03,4304953
2015-08-26,227.93,228.0,215.51,224.84,4948119
2015-08-27,231.0,244.75,230.81,242.99,7642840
2015-08-28,241.86,251.45,241.57,248.48,5495169
2015-08-31,245.62,254.95,245.51,249.06,4680798
2015-09-01,240.34,246.0,236.97,238.63,5437046
2015-09-02,245.3,247.88,239.78,247.69,4584918
2015-09-03,252.06,252.08,245.0,245.57,4131503
2015-09-04,240.89,244.09,238.2,241.93,3682146
2015-09-08,245.05,249.16,244.05,248.17,3120348
2015-09-09,252.05,254.25,248.3,248.91,3384661
2015-09-10,247.23,250.72,245.33,248.48,2705437
2015-09-11,247.64,250.24,244.73,250.24,2342654
2015-09-14,251.1,254.25,249.67,253.19,2883100
2015-09-15,252.75,254.6,249.5,253.57,2929278
2015-09-16,253.04,262.88,252.88,262.25,4404454
2015-09-17,263.96,265.5,260.69,262.07,3574923
2015-09-18,257.96,263.82,257.5,260.62,3739826
2015-09-21,263.98,271.57,255.8,264.2,6110390
2015-09-22,259.03,262.65,255.87,260.94,3657582
2015-09-23,261.95,262.08,257.58,261.06,2594257
2015-09-24,259.53,263.45,256.21,263.12,3442247
2015-09-25,266.61,266.91,256.15,256.91,3767096
2015-09-28,257.35,259.79,246.61,248.43,4892501
2015-09-29,250.46,254.73,245.46,246.65,3693383
2015-09-30,252.0,252.4,242.34,248.4,4923331
2015-10-01,247.51,248.5,237.13,239.88,4566941
2015-10-02,235.6,247.7,234.93,247.57,4390140
2015-10-05,248.84,249.84,244.13,246.15,3678195
2015-10-06,240.0,243.03,235.58,241.46,5225174
2015-10-07,236.63,237.7,229.12,231.96,6803172
2015-10-08,230.08,230.72,221.31,226.72,6119688
2015-10-09,220.93,224.37,218.36,220.69,6150458
2015-10-12,222.99,223.0,215.27,215.58,3803779
2015-10-13,213.28,222.52,211.13,219.25,5162453
2015-10-14,220.67,220.95,215.43,216.88,3086784
2015-10-15,216.43,221.73,213.7,221.31,2833931
2015-10-16,223.04,230.48,222.87,227.01,4320797
2015-10-19,226.5,231.15,224.94,228.1,2499326
2015-10-20,227.72,228.6,202.0,213.03,14863266
2015-10-21,211.99,214.81,208.8,210.09,4151463
2015-10-22,211.56,215.75,209.4,211.72,2809155
2015-10-23,215.0,215.35,207.69,209.09,4142080
2015-10-26,211.38,215.88,210.0,215.26,3387107
2015-10-27,214.84,217.1,207.51,210.35,3500711
2015-10-28,211.31,213.45,208.3,212.96,2672551
2015-10-29,211.75,213.75,210.64,211.63,1782358
2015-10-30,210.4,211.63,203.89,206.93,4372936
2015-11-02,208.92,215.8,207.22,213.79,3919308
2015-11-03,210.0,214.44,207.75,208.35,7141113
2015-11-04,230.68,232.74,225.2,231.63,12706650
2015-11-05,230.58,234.58,229.19,231.77,4493263
2015-11-06,230.7,233.36,229.5,232.36,2443465
2015-11-09,232.99,232.99,224.31,225.33,3843824
2015-11-10,223.48,223.7,216.08,216.5,4568414
2015-11-11,217.77,219.48,213.63,219.08,3334955
2015-11-12,217.85,219.0,212.66,212.94,2910023
2015-11-13,212.95,212.99,206.52,207.19,3412083
2015-11-16,206.09,214.98,205.8,214.31,2917082
2015-11-17,215.2,216.0,211.4,214.0,2143269
2015-11-18,214.5,221.38,212.52,221.07,2805192
2015-11-19,220.54,226.19,220.3,221.8,2499363
2015-11-20,223.49,225.0,213.58,220.01,4388932
2015-11-23,217.35,219.18,214.68,217.75,2524994
2015-11-24,215.37,221.0,215.0,218.25,2452304
2015-11-25,221.34,230.82,220.38,229.64,3990779
2015-11-27,231.06,232.25,227.01,231.61,1949127
2015-11-30,231.79,234.28,229.08,230.26,2585753
2015-12-01,231.06,238.0,231.05,237.19,3728287
2015-12-02,237.0,238.6,231.23,231.99,2975721
2015-12-03,235.48,237.45,230.0,232.71,2939564
2015-12-04,232.46,233.27,227.66,230.38,2573603
2015-12-07,227.7,235.63,226.15,231.13,3144223
2015-12-08,227.52,228.8,224.2,226.72,2687636
2015-12-09,226.7,227.5,220.72,224.52,3057753
2015-12-10,224.71,228.49,223.64,227.07,2071692
2015-12-11,225.24,225.75,216.64,217.02,3268726
2015-12-14,217.51,220.92,214.87,218.58,2827068
2015-12-15,221.82,222.22,218.0,221.09,2244424
2015-12-16,222.1,234.88,220.73,234.51,5104341
2015-12-17,233.94,237.76,229.81,233.39,3298638
2015-12-18,232.89,235.9,229.29,230.46,3014170
2015-12-21,231.69,235.83,231.08,232.56,1953174
2015-12-22,234.99,236.55,229.63,229.95,1961495
2015-12-23,232.18,233.45,228.13,229.7,1554979
2015-12-24,230.56,231.88,228.28,230.57,710277
2015-12-28,231.49,231.98,225.54,228.95,1901304
2015-12-29,230.06,237.72,229.55,237.19,2406290
2015-12-30,236.6,243.63,235.67,238.09,3697921
2015-12-31,238.51,243.45,238.37,240.01,2715038
2016-01-04,230.72,231.38,219.0,223.41,6819737
2016-01-05,226.36,226.89,220.0,223.43,3186752
2016-01-06,220.0,220.05,215.98,219.04,3779128
2016-01-07,214.19,218.44,213.67,215.65,3554251
2016-01-08,217.86,220.44,210.77,211.0,3628058
2016-01-11,214.01,214.45,203.0,207.85,4091422
2016-01-12,211.6,213.74,205.31,209.97,3091917
2016-01-13,212.01,212.65,200.0,200.31,4039093
2016-01-14,202.21,210.0,193.38,206.18,6452623
2016-01-15,198.97,205.07,197.25,204.99,5322235
2016-01-19,208.71,210.47,200.78,204.72,3997509
2016-01-20,199.4,201.28,191.25,198.7,5825431
2016-01-21,201.55,203.23,195.02,199.97,3163432
2016-01-22,204.8,205.5,199.03,202.55,3120106
2016-01-25,200.06,203.57,195.88,196.38,2694564
2016-01-26,196.7,197.82,188.88,193.56,4946841
2016-01-27,192.38,193.26,185.77,188.07,3565378
2016-01-28,190.79,191.28,182.41,189.7,4581652
2016-01-29,189.95,193.74,188.08,191.2,2841003
2016-02-01,188.76,199.52,182.75,196.94,5293766
2016-02-02,192.42,193.12,180.23,182.78,5762855
2016-02-03,183.59,183.94,170.18,173.48,7879454
2016-02-04,170.7,175.98,166.99,175.33,4363924
2016-02-05,171.3,173.0,157.74,162.6,9426933
2016-02-08,157.1,157.15,146.0,147.99,9297941
2016-02-09,142.32,159.79,141.05,148.25,8575099
2016-02-10,150.5,154.97,141.74,143.67,9067292
2016-02-11,152.0,163.26,147.0,150.47,14231392
2016-02-12,155.0,157.01,143.7,151.04,7202970
2016-02-16,158.7,162.95,154.11,155.17,5556314
2016-02-17,159.0,169.34,156.68,168.68,5807071
2016-02-18,172.42,172.95,164.77,166.77,3785336
2016-02-19,163.66,167.49,162.5,166.58,2952880
2016-02-22,170.12,178.91,169.85,177.74,5051180
2016-02-23,176.16,181.73,173.68,177.21,5968028
2016-02-24,172.75,179.5,167.84,179.0,5380712
2016-02-25,178.65,188.52,175.2,187.43,5720514
2016-02-26,188.7,192.0,185.0,190.34,6052910
2016-02-29,192.4,196.35,189.22,191.93,4479719
2016-03-01,194.25,195.95,182.7,186.35,6701674
2016-03-02,183.73,188.52,181.5,188.34,4832986
2016-03-03,188.28,197.42,184.22,195.74,4820497
2016-03-04,198.0,204.03,197.5,201.04,6469772
2016-03-07,197.68,209.7,197.4,205.29,5329369
2016-03-08,203.5,207.5,202.2,202.6,4130816
2016-03-09,204.52,209.37,202.79,208.72,3160081
2016-03-10,210.0,213.29,200.67,205.18,5183177
2016-03-11,207.93,209.42,205.33,207.5,3300358
2016-03-14,212.65,216.72,210.64,215.15,4054723
2016-03-15,214.27,218.97,211.5,218.34,3180452
2016-03-16,218.0,222.58,217.02,221.93,3462107
2016-03-17,221.47,228.5,220.0,226.38,3754756
2016-03-18,229.1,234.48,228.06,232.74,4698180
2016-03-21,235.34,239.88,235.0,238.32,5286697
2016-03-22,237.21,238.99,232.56,234.24,4300628
2016-03-23,232.37,234.73,222.03,222.58,4921013
2016-03-24,215.78,228.89,215.0,227.75,4954411
2016-03-28,231.61,234.81,225.0,230.26,3875451
2016-03-29,229.89,232.38,225.33,230.13,4004940
2016-03-30,235.09,235.5,226.5,226.89,4019667
2016-03-31,229.34,237.42,225.01,229.77,7956740
2016-04-01,244.82,247.9,233.25,237.59,15962015
2016-04-04,249.12,252.12,243.64,246.99,13289584
2016-04-05,240.5,256.56,240.0,255.47,9915160
2016-04-06,253.97,267.74,253.45,265.42,11679883
2016-04-07,266.45,269.34,254.51,257.2,8836815
2016-04-08,260.5,260.82,248.02,250.07,7332157
2016-04-11,251.0,258.99,245.3,249.92,9153901
2016-04-12,249.5,251.8,243.63,247.82,5750757
2016-04-13,248.51,255.5,247.33,254.53,4917930
2016-04-14,253.0,256.84,251.05,251.86,4119980
2016-04-15,251.31,254.6,249.12,254.51,3742018
2016-04-18,252.23,258.31,251.66,253.88,4261782
2016-04-19,253.12,254.37,241.25,247.37,6349403
2016-04-20,246.26,253.66,241.5,249.97,5190831
2016-04-21,248.99,250.9,246.91,248.29,2783059
2016-04-22,248.89,254.0,245.71,253.75,3774648
2016-04-25,253.01,257.38,250.76,251.82,3664293
2016-04-26,252.05,255.73,249.39,253.74,3212470
2016-04-27,252.75,255.0,249.4,251.47,3190682
2016-04-28,249.85,253.43,247.44,247.71,2509509
2016-04-29,248.14,248.43,237.81,240.76,5388701
2016-05-02,241.5,243.19,234.82,241.8,3836429
2016-05-03,237.36,238.91,231.62,232.32,4289174
2016-05-04,230.29,234.46,220.4,222.56,8262540
2016-05-05,228.46,228.64,209.79,211.53,11235835
2016-05-06,210.87,216.37,208.11,214.93,5681078
2016-05-09,215.72,216.15,206.8,208.92,4758131
2016-05-10,207.55,209.47,205.0,208.69,4065214
2016-05-11,207.59,215.48,206.05,208.96,5153730
2016-05-12,211.44,211.67,203.66,207.28,3646943
2016-05-13,207.78,211.2,206.7,207.61,2819264
2016-05-16,208.15,213.15,207.92,208.29,2945072
2016-05-17,209.05,209.82,204.02,204.66,2841168
2016-05-18,209.15,215.31,207.75,211.17,5384698
2016-05-19,213.62,216.79,207.3,215.21,6811976
2016-05-20,216.99,220.55,216.35,220.28,8951773
2016-05-23,219.87,222.6,215.86,216.22,5093158
2016-05-24,216.6,218.74,215.18,217.91,3008774
2016-05-25,217.91,221.36,216.51,219.58,3126822
2016-05-26,220.5,225.26,219.05,225.12,4064013
2016-05-27,224.99,225.93,220.75,223.04,3642740
2016-05-31,223.04,224.75,221.5,223.23,2789002
2016-06-01,221.48,222.4,216.89,219.56,2982695
2016-06-02,219.59,219.91,217.11,218.96,2032832
2016-06-03,220.0,221.94,218.01,218.99,2228970
2016-06-06,218.0,220.9,215.45,220.68,2249508
2016-06-07,222.24,234.44,221.52,232.34,6213573
2016-06-08,233.8,240.84,232.6,235.52,5971995
2016-06-09,234.98,235.33,227.06,229.36,4492075
2016-06-10,227.39,227.97,218.42,218.79,6026603
2016-06-13,219.5,225.77,217.66,217.87,4193022
2016-06-14,218.88,222.2,212.53,214.96,3580167
2016-06-15,216.95,221.9,215.13,217.7,2908522
2016-06-16,217.42,218.04,213.5,217.93,2440259
2016-06-17,217.81,219.99,214.5,215.47,3112620
2016-06-20,219.5,223.75,218.23,219.7,3555471
2016-06-21,220.68,222.57,218.81,219.61,4529005
2016-06-22,199.47,205.95,195.75,196.66,23742414
2016-06-23,195.69,197.55,192.13,196.4,10130748
2016-06-24,190.05,195.12,189.73,193.15,7026516
2016-06-27,190.86,198.81,187.87,198.55,7220323
2016-06-28,201.89,204.05,199.41,201.79,6212422
2016-06-29,205.13,211.78,203.0,210.19,5994908
2016-06-30,212.97,213.5,209.02,212.28,4843111
2016-07-01,206.14,218.24,206.0,216.5,5399951
2016-07-05,209.73,214.54,208.0,213.98,5175345
2016-07-06,210.0,215.23,209.0,214.44,4919855
2016-07-07,213.1,218.12,213.01,215.94,3612022
2016-07-08,217.8,219.81,214.5,216.78,4074785
2016-07-11,219.96,226.78,219.51,224.78,5429823
2016-07-12,224.1,227.5,223.22,224.65,4576165
2016-07-13,225.5,225.59,220.29,222.53,3567062
2016-07-14,223.12,224.94,221.05,221.53,2675834
2016-07-15,222.52,222.75,219.64,220.4,2234247
2016-07-18,219.64,227.09,218.3,226.25,3412055
2016-07-19,225.0,229.1,224.75,225.26,3115065
2016-07-20,226.47,229.8,225.0,228.36,2568498
2016-07-21,226.0,227.85,219.1,220.5,4428651
2016-07-22,221.99,224.5,218.88,222.27,2579692
2016-07-25,222.27,231.39,221.37,230.01,4490683
2016-07-26,227.69,230.0,225.3,229.51,3430042
2016-07-27,229.34,233.36,226.92,228.49,2889007
2016-07-28,227.95,230.76,226.6,230.61,2419059
2016-07-29,230.7,235.28,230.24,234.79,3070813
2016-08-01,235.5,236.63,229.38,230.01,4016284
2016-08-02,229.37,229.87,221.4,227.2,3934432
2016-08-03,227.37,229.7,224.21,225.79,3887759
2016-08-04,225.69,230.86,222.05,230.61,4146997
2016-08-05,230.0,232.0,227.4,230.03,3205215
2016-08-08,228.0,229.6,226.09,226.16,2263584
2016-08-09,226.82,231.54,226.65,229.08,2207833
2016-08-10,228.24,229.87,224.62,225.65,2338301
2016-08-11,226.17,227.57,223.41,224.91,1880936
2016-08-12,225.41,226.65,224.04,225.61,1813540
2016-08-15,226.02,229.5,224.93,225.59,2034328
2016-08-16,225.49,227.19,223.41,223.61,2267147
2016-08-17,224.33,224.83,222.8,223.24,1787127
2016-08-18,223.82,225.66,222.29,223.51,1714467
2016-08-19,223.54,225.17,222.53,225.0,1659530
2016-08-22,224.17,225.11,222.68,222.93,2065493
2016-08-23,224.32,228.49,222.8,224.84,4784418
2016-08-24,227.05,227.15,222.22,222.62,2570693
2016-08-25,223.11,223.8,220.77,220.96,1762519
2016-08-26,222.14,222.86,218.82,219.99,2238992
2016-08-29,220.15,220.4,215.0,215.2,3266334
2016-08-30,216.11,216.11,210.52,211.34,3168862
2016-08-31,210.43,212.6,208.65,212.01,3276548
2016-09-01,209.01,211.1,200.5,200.77,7943138
2016-09-02,202.33,203.2,196.2,197.78,5977413
2016-09-06,199.02,203.25,199.0,202.83,4390572
2016-09-07,205.5,206.5,200.71,201.71,3640923
2016-09-08,199.55,199.89,196.36,197.36,3377946
2016-09-09,199.09,199.92,193.7,194.47,3756992
2016-09-12,195.0,201.37,194.1,198.3,3715161
2016-09-13,197.06,198.49,193.45,196.05,3589379
2016-09-14,195.75,197.92,194.86,196.41,2259231
2016-09-15,196.49,202.52,196.4,200.42,3085115
2016-09-16,200.42,205.7,199.0,205.4,3107808
2016-09-19,207.0,209.43,205.0,206.34,2299498
2016-09-20,206.85,207.75,203.91,204.64,2410488
2016-09-21,206.37,207.0,201.56,205.22,2633503
2016-09-22,206.4,207.28,203.0,206.43,2382902
2016-09-23,205.99,210.18,205.67,207.45,2905229
2016-09-26,206.5,211.0,206.5,208.99,2394358
2016-09-27,209.65,209.98,204.61,205.81,3373180
2016-09-28,207.51,208.25,205.26,206.27,2088374
2016-09-29,205.6,207.33,200.58,200.7,2727029
2016-09-30,202.21,204.98,199.55,204.03,2586273
2016-10-03,212.3,215.67,208.25,213.7,5999892
2016-10-04,213.1,213.32,208.82,211.41,3541481
2016-10-05,212.24,213.15,208.12,208.46,1877534
2016-10-06,202.46,204.21,200.21,201.0,4703402
2016-10-07,201.0,201.32,195.8,196.61,3493018
2016-10-10,201.35,204.14,199.66,200.95,3316297
2016-10-11,201.85,202.2,198.31,200.1,2328422
2016-10-12,200.95,203.88,200.42,201.51,1970689
2016-10-13,200.5,200.9,197.05,200.24,2495413
2016-10-14,200.66,201.43,196.3,196.51,4269850
2016-10-17,197.05,198.39,192.0,193.96,4554080
2016-10-18,195.99,199.47,193.26,199.1,5680475
2016-10-19,199.74,206.66,198.06,203.56,6991183
2016-10-20,202.12,203.0,197.05,199.1,5072877
2016-10-21,198.6,201.57,197.41,200.09,2943402
2016-10-24,201.0,203.95,200.25,202.76,2751562
2016-10-25,202.9,204.69,201.2,202.34,2445014
2016-10-26,201.0,203.19,200.1,202.24,5632841
2016-10-27,211.34,213.7,201.65,204.01,13093744
2016-10-28,204.0,205.32,199.83,199.97,4280141
2016-10-31,202.49,202.49,195.81,197.73,4692273
2016-11-01,198.04,198.5,188.1,190.79,7060036
2016-11-02,190.05,192.7,187.5,188.02,4253382
2016-11-03,189.0,191.47,187.04,187.42,2653023
2016-11-04,189.0,193.46,185.96,190.56,5146043
2016-11-07,193.59,194.29,190.05,193.21,3870112
2016-11-08,193.79,197.49,191.26,194.94,3267580
2016-11-09,186.88,192.0,183.95,190.06,8173065
2016-11-10,191.05,191.61,180.42,185.35,6750341
2016-11-11,184.24,188.88,183.0,188.56,3988504
2016-11-14,188.0,188.25,178.19,181.45,6552205
2016-11-15,182.78,186.43,182.05,183.77,3902018
2016-11-16,182.65,184.73,181.21,183.93,3434437
2016-11-17,183.49,189.49,182.11,188.66,4887067
2016-11-18,190.65,193.0,185.0,185.02,5210347
2016-11-21,185.04,188.89,184.41,184.52,4361043
2016-11-22,185.84,191.47,183.71,191.17,5603361
2016-11-23,190.61,195.64,189.0,193.14,4891893
2016-11-25,193.64,197.24,193.64,196.65,2366098
2016-11-28,195.48,199.35,194.55,196.12,4529182
2016-11-29,195.56,196.73,189.5,189.57,4439256
2016-11-30,191.0,191.89,187.5,189.4,3547104
2016-12-01,188.25,188.53,181.0,181.88,5126401
2016-12-02,182.88,184.88,180.0,181.47,4042324
2016-12-05,182.51,188.89,182.51,186.8,4072239
2016-12-06,185.52,186.58,182.68,185.85,3391622
2016-12-07,186.15,193.4,185.0,193.15,5461851
2016-12-08,192.05,192.5,189.54,192.29,3194148
2016-12-09,190.87,193.84,190.81,192.18,2722505
2016-12-12,192.8,194.42,191.04,192.43,2438876
2016-12-13,193.18,201.28,193.0,198.15,6823884
2016-12-14,198.74,203.0,196.76,198.69,4150927
2016-12-15,198.41,200.74,197.39,197.58,3219567
2016-12-16,198.08,202.59,197.6,202.49,3796889
2016-12-19,202.49,204.45,199.84,202.73,3488071
2016-12-20,203.05,209.0,202.5,208.79,4689071
2016-12-21,208.45,212.23,207.41,207.7,5207622
2016-12-22,208.22,209.99,206.5,208.45,3111108
2016-12-23,208.0,213.45,207.71,213.34,4670464
2016-12-27,214.88,222.25,214.42,219.53,5915732
2016-12-28,221.53,223.8,217.2,219.74,3782456
2016-12-29,218.56,219.2,214.12,214.68,4044968
2016-12-30,216.3,217.5,211.68,213.69,4642620
